"","Label","id.1","id.2","Tags"
"1","of population below the international poverty line, by sex, age, employment status and geographical location (urban/rural)",Proportion,of population below the international poverty line, by sex, age, employment status and geographical location (urban/rural),"sdg"
"2","of population living below the national poverty line, by sex and age",Proportion,of population living below the national poverty line, by sex and age,"sdg"
"3","of men, women and children of all ages living in poverty in all its dimensions according to national definitions",Proportion,of men, women and children of all ages living in poverty in all its dimensions according to national definitions,"sdg"
"4","of population covered by social protection floors/systems, by sex, distinguishing children, unemployed persons, older persons, persons with disabilities, pregnant women, newborns, work-injury victims and the poor and the vulnerable",Proportion,of population covered by social protection floors/systems, by sex, distinguishing children, unemployed persons, older persons, persons with disabilities, pregnant women, newborns, work-injury victims and the poor and the vulnerable,"sdg"
"5","of population living in households with access to basic services",Proportion,of population living in households with access to basic services,"sdg"
"6","of total adult population with secure tenure rights to land, with legally recognized documentation and who perceive their rights to land as secure, by sex and by type of tenure",Proportion,of total adult population with secure tenure rights to land, with legally recognized documentation and who perceive their rights to land as secure, by sex and by type of tenure,"sdg"
"7","of deaths, missing persons and persons affected by disaster per 100,000 peoplea",Number,of deaths, missing persons and persons affected by disaster per 100,000 peoplea,"sdg"
"8","disaster economic loss in relation to global gross domestic product (GDP)a",Direct,disaster economic loss in relation to global gross domestic product (GDP)a,"sdg"
"9","of countries with national and local disaster risk reduction strategiesa",Number,of countries with national and local disaster risk reduction strategiesa,"sdg"
"10","of resources allocated by the government directly to poverty reduction programmes",Proportion,of resources allocated by the government directly to poverty reduction programmes,"sdg"
"11","of total government spending on essential services (education, health and social protection)",Proportion,of total government spending on essential services (education, health and social protection),"sdg"
"12","of government recurrent and capital spending to sectors that disproportionately benefit women, the poor and vulnerable groups",Proportion,of government recurrent and capital spending to sectors that disproportionately benefit women, the poor and vulnerable groups,"sdg"
"13","of undernourishment",Prevalence,of undernourishment,"sdg"
"14","of moderate or severe food insecurity in the population, based on the Food Insecurity Experience Scale (FIES)",Prevalence,of moderate or severe food insecurity in the population, based on the Food Insecurity Experience Scale (FIES),"sdg"
"15","of stunting (height for age <-2 standard deviation from the median of the World Health Organization (WHO) Child Growth Standards) among children under 5 years of age",Prevalence,of stunting (height for age <-2 standard deviation from the median of the World Health Organization (WHO) Child Growth Standards) among children under 5 years of age,"sdg"
"16","of malnutrition (weight for height >+2 or <-2 standard deviation from the median of the WHO Child Growth Standards) among children under 5 years of age, by type (wasting and overweight)",Prevalence,of malnutrition (weight for height >+2 or <-2 standard deviation from the median of the WHO Child Growth Standards) among children under 5 years of age, by type (wasting and overweight),"sdg"
"17","of production per labour unit by classes of farming/pastoral/forestry enterprise size",Volume,of production per labour unit by classes of farming/pastoral/forestry enterprise size,"sdg"
"18","income of small-scale food producers, by sex and indigenous status",Average,income of small-scale food producers, by sex and indigenous status,"sdg"
"19","of agricultural area under productive and sustainable agriculture",Proportion,of agricultural area under productive and sustainable agriculture,"sdg"
"20","of plant and animal genetic resources for food and agriculture secured in either medium or long-term conservation facilities",Number,of plant and animal genetic resources for food and agriculture secured in either medium or long-term conservation facilities,"sdg"
"21","of local breeds classified as being at risk, not-at-risk or at unknown level of risk of extinction",Proportion,of local breeds classified as being at risk, not-at-risk or at unknown level of risk of extinction,"sdg"
"22","agriculture orientation index for government expenditures",The,agriculture orientation index for government expenditures,"sdg"
"23","official flows (official development assistance plus other official flows) to the agriculture sector",Total,official flows (official development assistance plus other official flows) to the agriculture sector,"sdg"
"24","Support Estimate",Producer,Support Estimate,"sdg"
"25","export subsidies",Agricultural,export subsidies,"sdg"
"26","of food price anomalies",Indicator,of food price anomalies,"sdg"
"27","mortality ratio",Maternal,mortality ratio,"sdg"
"28","of births attended by skilled health personnel",Proportion,of births attended by skilled health personnel,"sdg"
"29","mortality rate",Under-five,mortality rate,"sdg"
"30","mortality rate",Neonatal,mortality rate,"sdg"
"31","of new HIV infections per 1,000 uninfected population, by sex, age and key populations",Number,of new HIV infections per 1,000 uninfected population, by sex, age and key populations,"sdg"
"32","incidence per 1,000 population",Tuberculosis,incidence per 1,000 population,"sdg"
"33","incidence per 1,000 population",Malaria,incidence per 1,000 population,"sdg"
"34","B incidence per 100,000 population",Hepatitis,B incidence per 100,000 population,"sdg"
"35","of people requiring interventions against neglected tropical diseases",Number,of people requiring interventions against neglected tropical diseases,"sdg"
"36","rate attributed to cardiovascular disease, cancer, diabetes or chronic respiratory disease",Mortality,rate attributed to cardiovascular disease, cancer, diabetes or chronic respiratory disease,"sdg"
"37","mortality rate",Suicide,mortality rate,"sdg"
"38","of treatment interventions (pharmacological, psychosocial and rehabilitation and aftercare services) for substance use disorders",Coverage,of treatment interventions (pharmacological, psychosocial and rehabilitation and aftercare services) for substance use disorders,"sdg"
"39","use of alcohol, defined according to the national context as alcohol per capita consumption (aged 15 years and older) within a calendar year in litres of pure alcohol",Harmful,use of alcohol, defined according to the national context as alcohol per capita consumption (aged 15 years and older) within a calendar year in litres of pure alcohol,"sdg"
"40","rate due to road traffic injuries",Death,rate due to road traffic injuries,"sdg"
"41","of women of reproductive age (aged 15-49 years) who have their need for family planning satisfied with modern methods",Proportion,of women of reproductive age (aged 15-49 years) who have their need for family planning satisfied with modern methods,"sdg"
"42","birth rate (aged 10-14 years aged 15-19 years) per 1,000 women in that age group",Adolescent,birth rate (aged 10-14 years aged 15-19 years) per 1,000 women in that age group,"sdg"
"43","of essential health services (defined as the average coverage of essential services based on tracer interventions that include reproductive, maternal, newborn and child health, infectious diseases, non-communicable diseases and service capacity and access, among the general and the most disadvantaged population)",Coverage,of essential health services (defined as the average coverage of essential services based on tracer interventions that include reproductive, maternal, newborn and child health, infectious diseases, non-communicable diseases and service capacity and access, among the general and the most disadvantaged population),"sdg"
"44","of people covered by health insurance or a public health system per 1,000 population",Number,of people covered by health insurance or a public health system per 1,000 population,"sdg"
"45","rate attributed to household and ambient air pollution",Mortality,rate attributed to household and ambient air pollution,"sdg"
"46","rate attributed to unsafe water, unsafe sanitation and lack of hygiene (exposure to unsafe Water, Sanitation and Hygiene for All (WASH) services)",Mortality,rate attributed to unsafe water, unsafe sanitation and lack of hygiene (exposure to unsafe Water, Sanitation and Hygiene for All (WASH) services),"sdg"
"47","rate attributed to unintentional poisoning",Mortality,rate attributed to unintentional poisoning,"sdg"
"48","prevalence of current tobacco use among persons aged 15 years and older",Age-standardized,prevalence of current tobacco use among persons aged 15 years and older,"sdg"
"49","of the population with access to affordable medicines and vaccines on a sustainable basis",Proportion,of the population with access to affordable medicines and vaccines on a sustainable basis,"sdg"
"50","net official development assistance to medical research and basic health sectors",Total,net official development assistance to medical research and basic health sectors,"sdg"
"51","worker density and distribution",Health,worker density and distribution,"sdg"
"52","International Health Regulations (IHR) capacity and health emergency preparedness",,International Health Regulations (IHR) capacity and health emergency preparedness,"sdg"
"53","Proportion of children and young people: (a) in grades 2/3 (b) at the end of primary and (c) at the end of lower secondary achieving at least a minimum proficiency level in (i) reading and (ii) mathematics, by sex",,Proportion of children and young people: (a) in grades 2/3 (b) at the end of primary and (c) at the end of lower secondary achieving at least a minimum proficiency level in (i) reading and (ii) mathematics, by sex,"sdg"
"54","Proportion of children under 5 years of age who are developmentally on track in health, learning and psychosocial well-being, by sex",,Proportion of children under 5 years of age who are developmentally on track in health, learning and psychosocial well-being, by sex,"sdg"
"55","Participation rate in organized learning (one year before the official primary entry age), by sex",,Participation rate in organized learning (one year before the official primary entry age), by sex,"sdg"
"56","Participation rate of youth and adults in formal and non-formal education and training in the previous 12 months, by sex",,Participation rate of youth and adults in formal and non-formal education and training in the previous 12 months, by sex,"sdg"
"57","Proportion of youth and adults with information and communications technology (ICT) skills, by type of skill",,Proportion of youth and adults with information and communications technology (ICT) skills, by type of skill,"sdg"
"58","Parity indices (female/male, rural/urban, bottom/top wealth quintile and others such as disability status, indigenous peoples and conflict-affected, as data become available) for all education indicators on this list that can be disaggregated",,Parity indices (female/male, rural/urban, bottom/top wealth quintile and others such as disability status, indigenous peoples and conflict-affected, as data become available) for all education indicators on this list that can be disaggregated,"sdg"
"59","Percentage of population in a given age group achieving at least a fixed level of proficiency in functional (a) literacy and (b) numeracy skills, by sex",,Percentage of population in a given age group achieving at least a fixed level of proficiency in functional (a) literacy and (b) numeracy skills, by sex,"sdg"
"60","Extent to which (i) global citizenship education and (ii) education for sustainable development, including gender equality and human rights, are mainstreamed at all levels in: (a) national education policies, (b) curricula, (c) teacher education and (d) student assessment",,Extent to which (i) global citizenship education and (ii) education for sustainable development, including gender equality and human rights, are mainstreamed at all levels in: (a) national education policies, (b) curricula, (c) teacher education and (d) student assessment,"sdg"
"61","Proportion of schools with access to: (a) electricity (b) the Internet for pedagogical purposes (c) computers for pedagogical purposes (d) adapted infrastructure and materials for students with disabilities (e) basic drinking water (f) single-sex basic sanitation facilities and (g) basic handwashing facilities (as per the WASH indicator definitions)",,Proportion of schools with access to: (a) electricity (b) the Internet for pedagogical purposes (c) computers for pedagogical purposes (d) adapted infrastructure and materials for students with disabilities (e) basic drinking water (f) single-sex basic sanitation facilities and (g) basic handwashing facilities (as per the WASH indicator definitions),"sdg"
"62","Volume of official development assistance flows for scholarships by sector and type of study",,Volume of official development assistance flows for scholarships by sector and type of study,"sdg"
"63","Proportion of teachers in: (a) pre-primary (b) primary (c) lower secondary and (d) upper secondary education who have received at least the minimum organized teacher training (e.g. pedagogical training) pre-service or in-service required for teaching at the relevant level in a given country",,Proportion of teachers in: (a) pre-primary (b) primary (c) lower secondary and (d) upper secondary education who have received at least the minimum organized teacher training (e.g. pedagogical training) pre-service or in-service required for teaching at the relevant level in a given country,"sdg"
"64","Whether or not legal frameworks are in place to promote, enforce and monitor equality and non‑discrimination on the basis of sex",,Whether or not legal frameworks are in place to promote, enforce and monitor equality and non‑discrimination on the basis of sex,"sdg"
"65","Proportion of ever-partnered women and girls aged 15 years and older subjected to physical, sexual or psychological violence by a current or former intimate partner in the previous 12 months, by form of violence and by age",,Proportion of ever-partnered women and girls aged 15 years and older subjected to physical, sexual or psychological violence by a current or former intimate partner in the previous 12 months, by form of violence and by age,"sdg"
"66","Proportion of women and girls aged 15 years and older subjected to sexual violence by persons other than an intimate partner in the previous 12 months, by age and place of occurrence",,Proportion of women and girls aged 15 years and older subjected to sexual violence by persons other than an intimate partner in the previous 12 months, by age and place of occurrence,"sdg"
"67","Proportion of women aged 20-24 years who were married or in a union before age 15 and before age 18",,Proportion of women aged 20-24 years who were married or in a union before age 15 and before age 18,"sdg"
"68","Proportion of girls and women aged 15-49 years who have undergone female genital mutilation/cutting, by age",,Proportion of girls and women aged 15-49 years who have undergone female genital mutilation/cutting, by age,"sdg"
"69","Proportion of time spent on unpaid domestic and care work, by sex, age and location",,Proportion of time spent on unpaid domestic and care work, by sex, age and location,"sdg"
"70","Proportion of seats held by women in national parliaments and local governments",,Proportion of seats held by women in national parliaments and local governments,"sdg"
"71","Proportion of women in managerial positions",,Proportion of women in managerial positions,"sdg"
"72","Proportion of women aged 15-49 years who make their own informed decisions regarding sexual relations, contraceptive use and reproductive health care",,Proportion of women aged 15-49 years who make their own informed decisions regarding sexual relations, contraceptive use and reproductive health care,"sdg"
"73","Number of countries with laws and regulations that guarantee women aged 15-49 years access to sexual and reproductive health care, information and education",,Number of countries with laws and regulations that guarantee women aged 15-49 years access to sexual and reproductive health care, information and education,"sdg"
"74","(a) Proportion of total agricultural population with ownership or secure rights over agricultural land, by sex and (b) share of women among owners or rights-bearers of agricultural land, by type of tenure",,(a) Proportion of total agricultural population with ownership or secure rights over agricultural land, by sex and (b) share of women among owners or rights-bearers of agricultural land, by type of tenure,"sdg"
"75","Proportion of countries where the legal framework (including customary law) guarantees women’s equal rights to land ownership and/or control",,Proportion of countries where the legal framework (including customary law) guarantees women’s equal rights to land ownership and/or control,"sdg"
"76","Proportion of individuals who own a mobile telephone, by sex",,Proportion of individuals who own a mobile telephone, by sex,"sdg"
"77","Proportion of countries with systems to track and make public allocations for gender equality and women’s empowerment",,Proportion of countries with systems to track and make public allocations for gender equality and women’s empowerment,"sdg"
"78","Proportion of population using safely managed drinking water services",,Proportion of population using safely managed drinking water services,"sdg"
"79","Proportion of population using safely managed sanitation services, including a hand-washing facility with soap and water",,Proportion of population using safely managed sanitation services, including a hand-washing facility with soap and water,"sdg"
"80","Proportion of wastewater safely treated",,Proportion of wastewater safely treated,"sdg"
"81","Proportion of bodies of water with good ambient water quality",,Proportion of bodies of water with good ambient water quality,"sdg"
"82","Change in water-use efficiency over time",,Change in water-use efficiency over time,"sdg"
"83","Level of water stress: freshwater withdrawal as a proportion of available freshwater resources",,Level of water stress: freshwater withdrawal as a proportion of available freshwater resources,"sdg"
"84","Degree of integrated water resources management implementation (0-100)",,Degree of integrated water resources management implementation (0-100),"sdg"
"85","Proportion of transboundary basin area with an operational arrangement for water cooperation",,Proportion of transboundary basin area with an operational arrangement for water cooperation,"sdg"
"86","Change in the extent of water-related ecosystems over time",,Change in the extent of water-related ecosystems over time,"sdg"
"87","Amount of water- and sanitation-related official development assistance that is part of a government-coordinated spending plan",,Amount of water- and sanitation-related official development assistance that is part of a government-coordinated spending plan,"sdg"
"88","Proportion of local administrative units with established and operational policies and procedures for participation of local communities in water and sanitation management",,Proportion of local administrative units with established and operational policies and procedures for participation of local communities in water and sanitation management,"sdg"
"89","Proportion of population with access to electricity",,Proportion of population with access to electricity,"sdg"
"90","Proportion of population with primary reliance on clean fuels and technology",,Proportion of population with primary reliance on clean fuels and technology,"sdg"
"91","Renewable energy share in the total final energy consumption",,Renewable energy share in the total final energy consumption,"sdg"
"92","Energy intensity measured in terms of primary energy and GDP",,Energy intensity measured in terms of primary energy and GDP,"sdg"
"93","Mobilized amount of United States dollars per year starting in 2020 accountable towards the $100 billion commitment",,Mobilized amount of United States dollars per year starting in 2020 accountable towards the $100 billion commitment,"sdg"
"94","Investments in energy efficiency as a percentage of GDP and the amount of foreign direct investment in financial transfer for infrastructure and technology to sustainable development services",,Investments in energy efficiency as a percentage of GDP and the amount of foreign direct investment in financial transfer for infrastructure and technology to sustainable development services,"sdg"
"95","Annual growth rate of real GDP per capita",,Annual growth rate of real GDP per capita,"sdg"
"96","Annual growth rate of real GDP per employed person",,Annual growth rate of real GDP per employed person,"sdg"
"97","Proportion of informal employment in non‑agriculture employment, by sex",,Proportion of informal employment in non‑agriculture employment, by sex,"sdg"
"98","footprint, material footprint per capita, and material footprint per GDP",Material,footprint, material footprint per capita, and material footprint per GDP,"sdg"
"99","Domestic material consumption, domestic material consumption per capita, and domestic material consumption per GDP",,Domestic material consumption, domestic material consumption per capita, and domestic material consumption per GDP,"sdg"
"100","Average hourly earnings of female and male employees, by occupation, age and persons with disabilities",,Average hourly earnings of female and male employees, by occupation, age and persons with disabilities,"sdg"
"101","Unemployment rate, by sex, age and persons with disabilities",,Unemployment rate, by sex, age and persons with disabilities,"sdg"
"102","Proportion of youth (aged 15-24 years) not in education, employment or training",,Proportion of youth (aged 15-24 years) not in education, employment or training,"sdg"
"103","Proportion and number of children aged 5‑17 years engaged in child labour, by sex and age",,Proportion and number of children aged 5‑17 years engaged in child labour, by sex and age,"sdg"
"104","Frequency rates of fatal and non-fatal occupational injuries, by sex and migrant status",,Frequency rates of fatal and non-fatal occupational injuries, by sex and migrant status,"sdg"
"105","Increase in national compliance of labour rights (freedom of association and collective bargaining) based on International Labour Organization (ILO) textual sources and national legislation, by sex and migrant status",,Increase in national compliance of labour rights (freedom of association and collective bargaining) based on International Labour Organization (ILO) textual sources and national legislation, by sex and migrant status,"sdg"
"106","Tourism direct GDP as a proportion of total GDP and in growth rate",,Tourism direct GDP as a proportion of total GDP and in growth rate,"sdg"
"107","Number of jobs in tourism industries as a proportion of total jobs and growth rate of jobs, by sex",,Number of jobs in tourism industries as a proportion of total jobs and growth rate of jobs, by sex,"sdg"
"108","Number of commercial bank branches and automated teller machines (ATMs) per 100,000 adults",,Number of commercial bank branches and automated teller machines (ATMs) per 100,000 adults,"sdg"
"109","Proportion of adults (15 years and older) with an account at a bank or other financial institution or with a mobile-money-service provider",,Proportion of adults (15 years and older) with an account at a bank or other financial institution or with a mobile-money-service provider,"sdg"
"110","Aid for Trade commitments and disbursements",,Aid for Trade commitments and disbursements,"sdg"
"111","government spending in social protection and employment programmes as a proportion of the national budgets and GDP",Total,government spending in social protection and employment programmes as a proportion of the national budgets and GDP,"sdg"
"112","of the rural population who live within 2 km of an all-season road",Proportion,of the rural population who live within 2 km of an all-season road,"sdg"
"113","Passenger and freight volumes, by mode of transport",,Passenger and freight volumes, by mode of transport,"sdg"
"114","Manufacturing value added as a proportion of GDP and per capita",,Manufacturing value added as a proportion of GDP and per capita,"sdg"
"115","Manufacturing employment as a proportion of total employment",,Manufacturing employment as a proportion of total employment,"sdg"
"116","Proportion of small-scale industries in total industry value added",,Proportion of small-scale industries in total industry value added,"sdg"
"117","Proportion of small-scale industries with a loan or line of credit",,Proportion of small-scale industries with a loan or line of credit,"sdg"
"118","emission per unit of value added",CO2,emission per unit of value added,"sdg"
"119","and development expenditure as a proportion of GDP",Research,and development expenditure as a proportion of GDP,"sdg"
"120","(in full-time equivalent) per million inhabitants",Researchers,(in full-time equivalent) per million inhabitants,"sdg"
"121","official international support (official development assistance plus other official flows) to infrastructure",Total,official international support (official development assistance plus other official flows) to infrastructure,"sdg"
"122","Proportion of medium and high-tech industry value added in total value added",,Proportion of medium and high-tech industry value added in total value added,"sdg"
"123","Proportion of population covered by a mobile network, by technology",,Proportion of population covered by a mobile network, by technology,"sdg"
"124","Growth rates of household expenditure or income per capita among the bottom 40 per cent of the population and the total population",,Growth rates of household expenditure or income per capita among the bottom 40 per cent of the population and the total population,"sdg"
"125","Proportion of people living below 50 per cent of median income, by age, sex and persons with disabilities",,Proportion of people living below 50 per cent of median income, by age, sex and persons with disabilities,"sdg"
"126","Proportion of the population reporting having personally felt discriminated against or harassed within the previous 12 months on the basis of a ground of discrimination prohibited under international human rights law",,Proportion of the population reporting having personally felt discriminated against or harassed within the previous 12 months on the basis of a ground of discrimination prohibited under international human rights law,"sdg"
"127","Labour share of GDP, comprising wages and social protection transfers",,Labour share of GDP, comprising wages and social protection transfers,"sdg"
"128","Soundness Indicators",Financial,Soundness Indicators,"sdg"
"129","Proportion of members and voting rights of developing countries in international organizations",,Proportion of members and voting rights of developing countries in international organizations,"sdg"
"130","Recruitment cost borne by employee as a proportion of yearly income earned in country of destination",,Recruitment cost borne by employee as a proportion of yearly income earned in country of destination,"sdg"
"131","of countries that have implemented well-managed migration policies",Number,of countries that have implemented well-managed migration policies,"sdg"
"132","of tariff lines applied to imports from least developed countries and developing countries with zero-tariff",Proportion,of tariff lines applied to imports from least developed countries and developing countries with zero-tariff,"sdg"
"133","Total resource flows for development, by recipient and donor countries and type of flow (e.g. official development assistance, foreign direct investment and other flows)",,Total resource flows for development, by recipient and donor countries and type of flow (e.g. official development assistance, foreign direct investment and other flows),"sdg"
"134","costs as a proportion of the amount remitted",Remittance,costs as a proportion of the amount remitted,"sdg"
"135","Proportion of urban population living in slums, informal settlements or inadequate housing",,Proportion of urban population living in slums, informal settlements or inadequate housing,"sdg"
"136","Proportion of population that has convenient access to public transport, by sex, age and persons with disabilities",,Proportion of population that has convenient access to public transport, by sex, age and persons with disabilities,"sdg"
"137","Ratio of land consumption rate to population growth rate",,Ratio of land consumption rate to population growth rate,"sdg"
"138","of cities with a direct participation structure of civil society in urban planning and management that operate regularly and democratically",Proportion,of cities with a direct participation structure of civil society in urban planning and management that operate regularly and democratically,"sdg"
"139","expenditure (public and private) per capita spent on the preservation, protection and conservation of all cultural and natural heritage, by type of heritage (cultural, natural, mixed and World Heritage Centre designation), level of government (national, regional and local/municipal), type of expenditure (operating expenditure/investment) and type of private funding (donations in kind, private non-profit sector and sponsorship)",Total,expenditure (public and private) per capita spent on the preservation, protection and conservation of all cultural and natural heritage, by type of heritage (cultural, natural, mixed and World Heritage Centre designation), level of government (national, regional and local/municipal), type of expenditure (operating expenditure/investment) and type of private funding (donations in kind, private non-profit sector and sponsorship),"sdg"
"140","of deaths, missing persons and persons affected by disaster per 100,000 peoplea",Number,of deaths, missing persons and persons affected by disaster per 100,000 peoplea,"sdg"
"141","Direct disaster economic loss in relation to global GDP, including disaster damage to critical infrastructure and disruption of basic servicesa",,Direct disaster economic loss in relation to global GDP, including disaster damage to critical infrastructure and disruption of basic servicesa,"sdg"
"142","Proportion of urban solid waste regularly collected and with adequate final discharge out of total urban solid waste generated, by cities",,Proportion of urban solid waste regularly collected and with adequate final discharge out of total urban solid waste generated, by cities,"sdg"
"143","Annual mean levels of fine particulate matter (e.g. PM2.5 and PM10) in cities (population weighted)",,Annual mean levels of fine particulate matter (e.g. PM2.5 and PM10) in cities (population weighted),"sdg"
"144","Average share of the built-up area of cities that is open space for public use for all, by sex, age and persons with disabilities",,Average share of the built-up area of cities that is open space for public use for all, by sex, age and persons with disabilities,"sdg"
"145","of persons victim of physical or sexual harassment, by sex, age, disability status and place of occurrence, in the previous 12 months",Proportion,of persons victim of physical or sexual harassment, by sex, age, disability status and place of occurrence, in the previous 12 months,"sdg"
"146","Proportion of population living in cities that implement urban and regional development plans integrating population projections and resource needs, by size of city",,Proportion of population living in cities that implement urban and regional development plans integrating population projections and resource needs, by size of city,"sdg"
"147","Proportion of local governments that adopt and implement local disaster risk reduction strategies in line with the Sendai Framework for Disaster Risk Reduction 2015-2030a",,Proportion of local governments that adopt and implement local disaster risk reduction strategies in line with the Sendai Framework for Disaster Risk Reduction 2015-2030a,"sdg"
"148","Number of countries with national and local disaster risk reduction strategiesa",,Number of countries with national and local disaster risk reduction strategiesa,"sdg"
"149","Proportion of financial support to the least developed countries that is allocated to the construction and retrofitting of sustainable, resilient and resource-efficient buildings utilizing local materials",,Proportion of financial support to the least developed countries that is allocated to the construction and retrofitting of sustainable, resilient and resource-efficient buildings utilizing local materials,"sdg"
"150","Number of countries with sustainable consumption and production (SCP) national action plans or SCP mainstreamed as a priority or a target into national policies",,Number of countries with sustainable consumption and production (SCP) national action plans or SCP mainstreamed as a priority or a target into national policies,"sdg"
"151","Material footprint, material footprint per capita, and material footprint per GDP",,Material footprint, material footprint per capita, and material footprint per GDP,"sdg"
"152","Domestic material consumption, domestic material consumption per capita, and domestic material consumption per GDP",,Domestic material consumption, domestic material consumption per capita, and domestic material consumption per GDP,"sdg"
"153","Global food loss index",,Global food loss index,"sdg"
"154","of parties to international multilateral environmental agreements on hazardous waste, and other chemicals that meet their commitments and obligations in transmitting information as required by each relevant agreement",Number,of parties to international multilateral environmental agreements on hazardous waste, and other chemicals that meet their commitments and obligations in transmitting information as required by each relevant agreement,"sdg"
"155","waste generated per capita and proportion of hazardous waste treated, by type of treatment",Hazardous,waste generated per capita and proportion of hazardous waste treated, by type of treatment,"sdg"
"156","recycling rate, tons of material recycled",National,recycling rate, tons of material recycled,"sdg"
"157","of companies publishing sustainability reports",Number,of companies publishing sustainability reports,"sdg"
"158","Number of countries implementing sustainable public procurement policies and action plans",,Number of countries implementing sustainable public procurement policies and action plans,"sdg"
"159","Extent to which (i) global citizenship education and (ii) education for sustainable development (including climate change education) are mainstreamed in (a) national education policies (b) curricula (c) teacher education and (d) student assessment",,Extent to which (i) global citizenship education and (ii) education for sustainable development (including climate change education) are mainstreamed in (a) national education policies (b) curricula (c) teacher education and (d) student assessment,"sdg"
"160","Amount of support to developing countries on research and development for sustainable consumption and production and environmentally sound technologies",,Amount of support to developing countries on research and development for sustainable consumption and production and environmentally sound technologies,"sdg"
"161","of sustainable tourism strategies or policies and implemented action plans with agreed monitoring and evaluation tools",Number,of sustainable tourism strategies or policies and implemented action plans with agreed monitoring and evaluation tools,"sdg"
"162","Amount of fossil-fuel subsidies per unit of GDP (production and consumption) and as a proportion of total national expenditure on fossil fuels",,Amount of fossil-fuel subsidies per unit of GDP (production and consumption) and as a proportion of total national expenditure on fossil fuels,"sdg"
"163","Number of countries with national and local disaster risk reduction strategiesa",,Number of countries with national and local disaster risk reduction strategiesa,"sdg"
"164","Number of deaths, missing persons and persons affected by disaster per 100,000 peoplea",,Number of deaths, missing persons and persons affected by disaster per 100,000 peoplea,"sdg"
"165","Number of countries that have communicated the establishment or operationalization of an integrated policy/strategy/plan which increases their ability to adapt to the adverse impacts of climate change, and foster climate resilience and low greenhouse gas emissions development in a manner that does not threaten food production (including a national adaptation plan, nationally determined contribution, national communication, biennial update report or other)",,Number of countries that have communicated the establishment or operationalization of an integrated policy/strategy/plan which increases their ability to adapt to the adverse impacts of climate change, and foster climate resilience and low greenhouse gas emissions development in a manner that does not threaten food production (including a national adaptation plan, nationally determined contribution, national communication, biennial update report or other),"sdg"
"166","Number of countries that have integrated mitigation, adaptation, impact reduction and early warning into primary, secondary and tertiary curricula",,Number of countries that have integrated mitigation, adaptation, impact reduction and early warning into primary, secondary and tertiary curricula,"sdg"
"167","Number of countries that have communicated the strengthening of institutional, systemic and individual capacity-building to implement adaptation, mitigation and technology transfer, and development actions",,Number of countries that have communicated the strengthening of institutional, systemic and individual capacity-building to implement adaptation, mitigation and technology transfer, and development actions,"sdg"
"168","Mobilized amount of United States dollars per year starting in 2020 accountable towards the $100 billion commitment",,Mobilized amount of United States dollars per year starting in 2020 accountable towards the $100 billion commitment,"sdg"
"169","Number of least developed countries and small island developing States that are receiving specialized support, and amount of support, including finance, technology and capacity-building, for mechanisms for raising capacities for effective climate change-related planning and management, including focusing on women, youth and local and marginalized communities",,Number of least developed countries and small island developing States that are receiving specialized support, and amount of support, including finance, technology and capacity-building, for mechanisms for raising capacities for effective climate change-related planning and management, including focusing on women, youth and local and marginalized communities,"sdg"
"170","Index of coastal eutrophication and floating plastic debris density",,Index of coastal eutrophication and floating plastic debris density,"sdg"
"171","Proportion of national exclusive economic zones managed using ecosystem-based approaches",,Proportion of national exclusive economic zones managed using ecosystem-based approaches,"sdg"
"172","Average marine acidity (pH) measured at agreed suite of representative sampling stations",,Average marine acidity (pH) measured at agreed suite of representative sampling stations,"sdg"
"173","Proportion of fish stocks within biologically sustainable levels",,Proportion of fish stocks within biologically sustainable levels,"sdg"
"174","Coverage of protected areas in relation to marine areas",,Coverage of protected areas in relation to marine areas,"sdg"
"175","Progress by countries in the degree of implementation of international instruments aiming to combat illegal, unreported and unregulated fishing",,Progress by countries in the degree of implementation of international instruments aiming to combat illegal, unreported and unregulated fishing,"sdg"
"176","Sustainable fisheries as a percentage of GDP in small island developing States, least developed countries and all countries",,Sustainable fisheries as a percentage of GDP in small island developing States, least developed countries and all countries,"sdg"
"177","Proportion of total research budget allocated to research in the field of marine technology",,Proportion of total research budget allocated to research in the field of marine technology,"sdg"
"178","by countries in the degree of application of a legal/regulatory/policy/institutional framework which recognizes and protects access rights for small-scale fisheries",Progress,by countries in the degree of application of a legal/regulatory/policy/institutional framework which recognizes and protects access rights for small-scale fisheries,"sdg"
"179","of countries making progress in ratifying, accepting and implementing through legal, policy and institutional frameworks, ocean-related instruments that implement international law, as reflected in the United Nation Convention on the Law of the Sea, for the conservation and sustainable use of the oceans and their resources",Number,of countries making progress in ratifying, accepting and implementing through legal, policy and institutional frameworks, ocean-related instruments that implement international law, as reflected in the United Nation Convention on the Law of the Sea, for the conservation and sustainable use of the oceans and their resources,"sdg"
"180","Forest area as a proportion of total land area",,Forest area as a proportion of total land area,"sdg"
"181","Proportion of important sites for terrestrial and freshwater biodiversity that are covered by protected areas, by ecosystem type",,Proportion of important sites for terrestrial and freshwater biodiversity that are covered by protected areas, by ecosystem type,"sdg"
"182","Progress towards sustainable forest management",,Progress towards sustainable forest management,"sdg"
"183","Proportion of land that is degraded over total land area",,Proportion of land that is degraded over total land area,"sdg"
"184","Coverage by protected areas of important sites for mountain biodiversity",,Coverage by protected areas of important sites for mountain biodiversity,"sdg"
"185","Mountain Green Cover Index",,Mountain Green Cover Index,"sdg"
"186","Red List Index",,Red List Index,"sdg"
"187","of countries that have adopted legislative, administrative and policy frameworks to ensure fair and equitable sharing of benefits",Number,of countries that have adopted legislative, administrative and policy frameworks to ensure fair and equitable sharing of benefits,"sdg"
"188","Proportion of traded wildlife that was poached or illicitly trafficked",,Proportion of traded wildlife that was poached or illicitly trafficked,"sdg"
"189","of countries adopting relevant national legislation and adequately resourcing the prevention or control of invasive alien species",Proportion,of countries adopting relevant national legislation and adequately resourcing the prevention or control of invasive alien species,"sdg"
"190","Progress towards national targets established in accordance with Aichi Biodiversity Target 2 of the Strategic Plan for Biodiversity 2011-2020",,Progress towards national targets established in accordance with Aichi Biodiversity Target 2 of the Strategic Plan for Biodiversity 2011-2020,"sdg"
"191","Official development assistance and public expenditure on conservation and sustainable use of biodiversity and ecosystems",,Official development assistance and public expenditure on conservation and sustainable use of biodiversity and ecosystems,"sdg"
"192","Official development assistance and public expenditure on conservation and sustainable use of biodiversity and ecosystems",,Official development assistance and public expenditure on conservation and sustainable use of biodiversity and ecosystems,"sdg"
"193","Proportion of traded wildlife that was poached or illicitly trafficked",,Proportion of traded wildlife that was poached or illicitly trafficked,"sdg"
"194","Number of victims of intentional homicide per 100,000 population, by sex and age",,Number of victims of intentional homicide per 100,000 population, by sex and age,"sdg"
"195","Conflict-related deaths per 100,000 population, by sex, age and cause",,Conflict-related deaths per 100,000 population, by sex, age and cause,"sdg"
"196","Proportion of population subjected to physical, psychological or sexual violence in the previous 12 months",,Proportion of population subjected to physical, psychological or sexual violence in the previous 12 months,"sdg"
"197","Proportion of population that feel safe walking alone around the area they live",,Proportion of population that feel safe walking alone around the area they live,"sdg"
"198","Proportion of children aged 1-17 years who experienced any physical punishment and/or psychological aggression by caregivers in the past month",,Proportion of children aged 1-17 years who experienced any physical punishment and/or psychological aggression by caregivers in the past month,"sdg"
"199","Number of victims of human trafficking per 100,000 population, by sex, age and form of exploitation",,Number of victims of human trafficking per 100,000 population, by sex, age and form of exploitation,"sdg"
"200","of young women and men aged 18‑29 years who experienced sexual violence by age 18",Proportion,of young women and men aged 18‑29 years who experienced sexual violence by age 18,"sdg"
"201","Proportion of victims of violence in the previous 12 months who reported their victimization to competent authorities or other officially recognized conflict resolution mechanisms",,Proportion of victims of violence in the previous 12 months who reported their victimization to competent authorities or other officially recognized conflict resolution mechanisms,"sdg"
"202","Unsentenced detainees as a proportion of overall prison population",,Unsentenced detainees as a proportion of overall prison population,"sdg"
"203","value of inward and outward illicit financial flows (in current United States dollars)",Total,value of inward and outward illicit financial flows (in current United States dollars),"sdg"
"204","of seized small arms and light weapons that are recorded and traced, in accordance with international standards and legal instruments",Proportion,of seized small arms and light weapons that are recorded and traced, in accordance with international standards and legal instruments,"sdg"
"205","of persons who had at least one contact with a public official and who paid a bribe to a public official, or were asked for a bribe by those public officials, during the previous 12 months",Proportion,of persons who had at least one contact with a public official and who paid a bribe to a public official, or were asked for a bribe by those public officials, during the previous 12 months,"sdg"
"206","of businesses that had at least one contact with a public official and that paid a bribe to a public official, or were asked for a bribe by those public officials during the previous 12 months",Proportion,of businesses that had at least one contact with a public official and that paid a bribe to a public official, or were asked for a bribe by those public officials during the previous 12 months,"sdg"
"207","government expenditures as a proportion of original approved budget, by sector (or by budget codes or similar)",Primary,government expenditures as a proportion of original approved budget, by sector (or by budget codes or similar),"sdg"
"208","of the population satisfied with their last experience of public services",Proportion,of the population satisfied with their last experience of public services,"sdg"
"209","of positions (by sex, age, persons with disabilities and population groups) in public institutions (national and local legislatures, public service, and judiciary) compared to national distributions",Proportions,of positions (by sex, age, persons with disabilities and population groups) in public institutions (national and local legislatures, public service, and judiciary) compared to national distributions,"sdg"
"210","of population who believe decision-making is inclusive and responsive, by sex, age, disability and population group",Proportion,of population who believe decision-making is inclusive and responsive, by sex, age, disability and population group,"sdg"
"211","of members and voting rights of developing countries in international organizations",Proportion,of members and voting rights of developing countries in international organizations,"sdg"
"212","of children under 5 years of age whose births have been registered with a civil authority, by age",Proportion,of children under 5 years of age whose births have been registered with a civil authority, by age,"sdg"
"213","of verified cases of killing, kidnapping, enforced disappearance, arbitrary detention and torture of journalists, associated media personnel, trade unionists and human rights advocates in the previous 12 months",Number,of verified cases of killing, kidnapping, enforced disappearance, arbitrary detention and torture of journalists, associated media personnel, trade unionists and human rights advocates in the previous 12 months,"sdg"
"214","of countries that adopt and implement constitutional, statutory and/or policy guarantees for public access to information",Number,of countries that adopt and implement constitutional, statutory and/or policy guarantees for public access to information,"sdg"
"215","of independent national human rights institutions in compliance with the Paris Principles",Existence,of independent national human rights institutions in compliance with the Paris Principles,"sdg"
"216","of population reporting having personally felt discriminated against or harassed in the previous 12 months on the basis of a ground of discrimination prohibited under international human rights law",Proportion,of population reporting having personally felt discriminated against or harassed in the previous 12 months on the basis of a ground of discrimination prohibited under international human rights law,"sdg"
"217","government revenue as a proportion of GDP, by source",Total,government revenue as a proportion of GDP, by source,"sdg"
"218","of domestic budget funded by domestic taxes",Proportion,of domestic budget funded by domestic taxes,"sdg"
"219","official development assistance, total and to least developed countries, as a proportion of the Organization for Economic Cooperation and Development (OECD) Development Assistance Committee donors’ gross national income (GNI)",Net,official development assistance, total and to least developed countries, as a proportion of the Organization for Economic Cooperation and Development (OECD) Development Assistance Committee donors’ gross national income (GNI),"sdg"
"220","direct investments (FDI), official development assistance and South-South Cooperation as a proportion of total domestic budget",Foreign,direct investments (FDI), official development assistance and South-South Cooperation as a proportion of total domestic budget,"sdg"
"221","of remittances (in United States dollars) as a proportion of total GDP",Volume,of remittances (in United States dollars) as a proportion of total GDP,"sdg"
"222","service as a proportion of exports of goods and services",Debt,service as a proportion of exports of goods and services,"sdg"
"223","of countries that adopt and implement investment promotion regimes for least developed countries",Number,of countries that adopt and implement investment promotion regimes for least developed countries,"sdg"
"224","of science and/or technology cooperation agreements and programmes between countries, by type of cooperation",Number,of science and/or technology cooperation agreements and programmes between countries, by type of cooperation,"sdg"
"225","Internet broadband subscriptions per 100 inhabitants, by speed",Fixed,Internet broadband subscriptions per 100 inhabitants, by speed,"sdg"
"226","Total amount of approved funding for developing countries to promote the development, transfer, dissemination and diffusion of environmentally sound technologies",,Total amount of approved funding for developing countries to promote the development, transfer, dissemination and diffusion of environmentally sound technologies,"sdg"
"227","of individuals using the Internet",Proportion,of individuals using the Internet,"sdg"
"228","value of financial and technical assistance (including through North-South, South-South and triangular cooperation) committed to developing countries",Dollar,value of financial and technical assistance (including through North-South, South-South and triangular cooperation) committed to developing countries,"sdg"
"229","weighted tariff-average",Worldwide,weighted tariff-average,"sdg"
"230","countries’ and least developed countries’ share of global exports",Developing,countries’ and least developed countries’ share of global exports,"sdg"
"231","tariffs faced by developing countries, least developed countries and small island developing States",Average,tariffs faced by developing countries, least developed countries and small island developing States,"sdg"
"232","Dashboard",Macroeconomic,Dashboard,"sdg"
"233","of countries with mechanisms in place to enhance policy coherence of sustainable development",Number,of countries with mechanisms in place to enhance policy coherence of sustainable development,"sdg"
"234","of use of country-owned results frameworks and planning tools by providers of development cooperation",Extent,of use of country-owned results frameworks and planning tools by providers of development cooperation,"sdg"
"235","of countries reporting progress in multi-stakeholder development effectiveness monitoring frameworks that support the achievement of the sustainable development goals",Number,of countries reporting progress in multi-stakeholder development effectiveness monitoring frameworks that support the achievement of the sustainable development goals,"sdg"
"236","of United States dollars committed to public-private and civil society partnerships",Amount,of United States dollars committed to public-private and civil society partnerships,"sdg"
"237","of sustainable development indicators produced at the national level with full disaggregation when relevant to the target, in accordance with the Fundamental Principles of Official Statistics",Proportion,of sustainable development indicators produced at the national level with full disaggregation when relevant to the target, in accordance with the Fundamental Principles of Official Statistics,"sdg"
"238","of countries that have national statistical legislation that complies with the Fundamental Principles of Official Statistics",Number,of countries that have national statistical legislation that complies with the Fundamental Principles of Official Statistics,"sdg"
"239","of countries with a national statistical plan that is fully funded and under implementation, by source of funding",Number,of countries with a national statistical plan that is fully funded and under implementation, by source of funding,"sdg"
"240","value of all resources made available to strengthen statistical capacity in developing countries",Dollar,value of all resources made available to strengthen statistical capacity in developing countries,"sdg"
"241","of countries that (a) have conducted at least one population and housing census in the last 10 years and (b) have achieved 100 per cent birth registration and 80 per cent death registration",Proportion,of countries that (a) have conducted at least one population and housing census in the last 10 years and (b) have achieved 100 per cent birth registration and 80 per cent death registration,"sdg"
